,path,db,ntaxa,nchars
0,Selectome/Euteleostomi/ENSGT00680000100122,Selectome,25,900
1,Selectome/Euteleostomi/ENSGT00590000083094,Selectome,32,1819
2,Selectome/Drosophila/EMGT00050000018245,Selectome,11,533
3,Selectome/Drosophila/EMGT00050000002039,Selectome,12,1651
4,Selectome/Euteleostomi/ENSGT00620000087781,Selectome,33,4024
5,Selectome/Euteleostomi/ENSGT00390000010778,Selectome,37,474
6,Selectome/Drosophila/EMGT00050000007451,Selectome,34,715
7,Selectome/Euteleostomi/ENSGT00390000009456,Selectome,38,411
8,Selectome/Euteleostomi/ENSGT00510000048167,Selectome,26,902
9,Selectome/Euteleostomi/ENSGT00390000006307,Selectome,34,637
10,Selectome/Drosophila/EMGT00050000002312,Selectome,13,1818
11,Selectome/Primates/ENSGT00550000074361,Selectome,11,1082
12,Selectome/Euteleostomi/ENSGT00530000063570,Selectome,36,851
13,Selectome/Euteleostomi/ENSGT00390000010740,Selectome,37,467
14,Selectome/Euteleostomi/ENSGT00530000063564,Selectome,26,1063
15,Selectome/Euteleostomi/ENSGT00550000075110,Selectome,30,387
16,Selectome/Euteleostomi/ENSGT00390000007170,Selectome,29,501
17,Selectome/Drosophila/EMGT00050000002263,Selectome,12,789
18,Selectome/Euteleostomi/ENSGT00650000093166,Selectome,35,730
19,Selectome/Drosophila/EMGT00050000017971,Selectome,11,1068
20,Selectome/Drosophila/EMGT00050000016465,Selectome,10,1024
21,Selectome/Euteleostomi/ENSGT00390000014839,Selectome,36,1275
22,Selectome/Euteleostomi/ENSGT00390000003602,Selectome,25,5077
23,Selectome/Euteleostomi/ENSGT00510000048063,Selectome,35,469
24,Selectome/Euteleostomi/ENSGT00680000099911,Selectome,51,899
25,Selectome/Euteleostomi/ENSGT00390000006835,Selectome,34,914
26,Selectome/Drosophila/EMGT00050000003723,Selectome,8,1353
27,Selectome/Euteleostomi/ENSGT00530000063207,Selectome,34,740
28,Selectome/Drosophila/EMGT00180000072660,Selectome,10,905
29,Selectome/Drosophila/EMGT00050000017723,Selectome,12,469
30,Selectome/Euteleostomi/ENSGT00610000085715,Selectome,38,4888
31,Selectome/Drosophila/EMGT00050000022231,Selectome,11,452
32,Selectome/Euteleostomi/ENSGT00390000003219,Selectome,32,608
33,Selectome/Euteleostomi/ENSGT00530000063613,Selectome,27,2302
34,Selectome/Euteleostomi/ENSGT00390000004746,Selectome,37,578
35,Selectome/Euteleostomi/ENSGT00390000016928,Selectome,39,1536
36,Selectome/Euteleostomi/ENSGT00680000100085,Selectome,33,683
37,Selectome/Drosophila/EMGT00050000002706,Selectome,12,2367
38,Selectome/Drosophila/EMGT00050000009875,Selectome,10,2029
39,Selectome/Euteleostomi/ENSGT00390000011639,Selectome,34,1064
40,Selectome/Euteleostomi/ENSGT00530000063466,Selectome,44,319
41,Selectome/Drosophila/EMGT00050000002308,Selectome,11,1232
42,Selectome/Drosophila/EMGT00050000003095,Selectome,12,220
43,Selectome/Euteleostomi/ENSGT00390000018550,Selectome,44,991
44,Selectome/Euteleostomi/ENSGT00390000002762,Selectome,39,767
45,Selectome/Euteleostomi/ENSGT00510000047886,Selectome,41,2388
46,Selectome/Drosophila/EMGT00050000017737,Selectome,11,622
47,Selectome/Drosophila/EMGT00050000014192,Selectome,11,1463
48,Selectome/Euteleostomi/ENSGT00510000047652,Selectome,30,687
49,Selectome/Drosophila/EMGT00050000017628,Selectome,12,370
50,Selectome/Glires/ENSGT00530000063899,Selectome,11,503
51,Selectome/Euteleostomi/ENSGT00670000097915,Selectome,31,2583
52,Selectome/Glires/ENSGT00690000102290,Selectome,7,621
53,Selectome/Euteleostomi/ENSGT00550000074775,Selectome,29,493
54,Selectome/Euteleostomi/ENSGT00390000007597,Selectome,31,1168
55,Selectome/Drosophila/EMGT00050000000845,Selectome,12,579
56,Selectome/Euteleostomi/ENSGT00550000074279,Selectome,43,1600
57,Selectome/Drosophila/EMGT00050000014088,Selectome,12,1138
58,Selectome/Euteleostomi/ENSGT00530000064028,Selectome,49,545
59,Selectome/Euteleostomi/ENSGT00390000013594,Selectome,37,729
60,Selectome/Glires/ENSGT00550000074423,Selectome,55,432
61,Selectome/Euteleostomi/ENSGT00680000100275,Selectome,11,477
62,Selectome/Euteleostomi/ENSGT00440000034436,Selectome,49,464
63,Selectome/Euteleostomi/ENSGT00390000009854,Selectome,11,175
64,Selectome/Drosophila/EMGT00050000003513,Selectome,12,723
65,Selectome/Euteleostomi/ENSGT00390000002024,Selectome,38,473
66,Selectome/Drosophila/EMGT00050000022219,Selectome,31,295
67,Selectome/Drosophila/EMGT00050000011687,Selectome,12,573
68,Selectome/Primates/ENSGT00390000013792,Selectome,9,795
69,Selectome/Drosophila/EMGT00050000001364,Selectome,11,906
70,Selectome/Drosophila/EMGT00050000013978,Selectome,12,1353
71,Selectome/Drosophila/EMGT00050000015304,Selectome,10,1165
72,Selectome/Euteleostomi/ENSGT00390000010703,Selectome,26,468
73,Selectome/Euteleostomi/ENSGT00390000008327,Selectome,42,735
74,Selectome/Drosophila/EMGT00050000004652,Selectome,8,1583
75,Selectome/Euteleostomi/ENSGT00390000010783,Selectome,26,693
76,Selectome/Glires/ENSGT00490000043360,Selectome,6,1272
77,Selectome/Euteleostomi/ENSGT00530000063231,Selectome,24,727
78,Selectome/Drosophila/EMGT00180000072350,Selectome,12,1939
79,Selectome/Drosophila/EMGT00050000005719,Selectome,12,1332
80,Selectome/Drosophila/EMGT00050000002058,Selectome,22,855
81,Selectome/Drosophila/EMGT00050000017994,Selectome,11,447
82,Selectome/Euteleostomi/ENSGT00530000064186,Selectome,31,1127
83,Selectome/Primates/ENSGT00390000014993,Selectome,33,289
84,Selectome/Euteleostomi/ENSGT00390000009748,Selectome,36,1440
85,Selectome/Euteleostomi/ENSGT00620000087693,Selectome,36,1116
86,Selectome/Euteleostomi/ENSGT00530000063583,Selectome,37,865
87,Selectome/Euteleostomi/ENSGT00390000014091,Selectome,24,3230
88,Selectome/Drosophila/EMGT00050000001483,Selectome,7,789
89,Selectome/Euteleostomi/ENSGT00530000064150,Selectome,29,2939
90,Selectome/Euteleostomi/ENSGT00630000089571,Selectome,14,798
91,Selectome/Drosophila/EMGT00050000001985,Selectome,11,1229
92,Selectome/Euteleostomi/ENSGT00510000046930,Selectome,63,427
93,Selectome/Euteleostomi/ENSGT00550000076248,Selectome,6,633
94,Selectome/Euteleostomi/ENSGT00390000013740,Selectome,28,693
95,Selectome/Euteleostomi/ENSGT00530000063857,Selectome,52,768
96,Selectome/Drosophila/EMGT00050000005748,Selectome,10,1022
97,Selectome/Euteleostomi/ENSGT00680000099694,Selectome,40,2652
98,Selectome/Euteleostomi/ENSGT00610000086581,Selectome,8,607
99,Selectome/Drosophila/EMGT00050000014102,Selectome,11,418
100,Selectome/Drosophila/EMGT00180000072703,Selectome,12,831
101,Selectome/Euteleostomi/ENSGT00550000074381,Selectome,32,1229
102,Selectome/Euteleostomi/ENSGT00390000003227,Selectome,22,839
103,Selectome/Drosophila/EMGT00050000015430,Selectome,12,521
104,Selectome/Drosophila/EMGT00050000012210,Selectome,12,844
105,Selectome/Drosophila/EMGT00050000007629,Selectome,7,633
106,Selectome/Drosophila/EMGT00050000000568,Selectome,12,571
107,Selectome/Drosophila/EMGT00050000015667,Selectome,11,765
108,Selectome/Euteleostomi/ENSGT00390000015835,Selectome,35,326
109,Selectome/Euteleostomi/ENSGT00550000074313,Selectome,36,1100
110,Selectome/Drosophila/EMGT00050000014252,Selectome,12,382
111,Selectome/Euteleostomi/ENSGT00550000074483,Selectome,43,584
112,Selectome/Euteleostomi/ENSGT00550000074999,Selectome,39,623
113,Selectome/Euteleostomi/ENSGT00530000063889,Selectome,51,3869
114,Selectome/Euteleostomi/ENSGT00510000048902,Selectome,28,1313
115,Selectome/Drosophila/EMGT00050000000389,Selectome,8,2438
116,Selectome/Euteleostomi/ENSGT00680000099689,Selectome,59,375
117,Selectome/Euteleostomi/ENSGT00680000099806,Selectome,32,1292
118,Selectome/Euteleostomi/ENSGT00680000099711,Selectome,41,1015
119,Selectome/Drosophila/EMGT00050000001054,Selectome,12,854
120,Selectome/Drosophila/EMGT00050000011355,Selectome,12,1052
121,Selectome/Drosophila/EMGT00050000004051,Selectome,26,578
122,Selectome/Drosophila/EMGT00050000000002,Selectome,33,1576
123,Selectome/Drosophila/EMGT00050000009567,Selectome,10,825
124,Selectome/Euteleostomi/ENSGT00530000063855,Selectome,27,2386
125,Selectome/Euteleostomi/ENSGT00510000047327,Selectome,35,746
126,Selectome/Euteleostomi/ENSGT00610000087376,Selectome,26,744
127,Selectome/Drosophila/EMGT00050000005673,Selectome,12,831
128,Selectome/Euteleostomi/ENSGT00390000013414,Selectome,15,1485
129,Selectome/Drosophila/EMGT00090000036830,Selectome,84,3453
130,Selectome/Euteleostomi/ENSGT00390000017672,Selectome,26,762
131,Selectome/Euteleostomi/ENSGT00390000005923,Selectome,36,484
132,Selectome/Euteleostomi/ENSGT00390000016075,Selectome,38,722
133,Selectome/Euteleostomi/ENSGT00510000049125,Selectome,18,796
134,Selectome/Drosophila/EMGT00050000004328,Selectome,12,885
135,Selectome/Drosophila/EMGT00160000064161,Selectome,66,644
136,Selectome/Euteleostomi/ENSGT00390000009588,Selectome,47,457
137,Selectome/Euteleostomi/ENSGT00660000095589,Selectome,35,1431
138,Selectome/Euteleostomi/ENSGT00680000099519,Selectome,58,2559
139,Selectome/Drosophila/EMGT00180000072355,Selectome,159,1203
140,Selectome/Drosophila/EMGT00050000003474,Selectome,12,1303
141,Selectome/Drosophila/EMGT00050000005731,Selectome,36,1562
142,Selectome/Euteleostomi/ENSGT00390000007971,Selectome,19,353
143,Selectome/Glires/ENSGT00390000003745,Selectome,6,1612
144,Selectome/Euteleostomi/ENSGT00390000015511,Selectome,21,904
145,Selectome/Euteleostomi/ENSGT00550000074838,Selectome,37,453
146,Selectome/Drosophila/EMGT00050000014615,Selectome,11,743
147,Selectome/Euteleostomi/ENSGT00530000063045,Selectome,61,804
148,Selectome/Drosophila/EMGT00050000008886,Selectome,11,1279
149,Selectome/Glires/ENSGT00530000063496,Selectome,7,3282
150,Selectome/Drosophila/EMGT00050000005777,Selectome,20,507
151,Selectome/Euteleostomi/ENSGT00530000063077,Selectome,41,725
152,Selectome/Euteleostomi/ENSGT00550000075024,Selectome,31,1722
153,Selectome/Euteleostomi/ENSGT00510000048615,Selectome,49,565
154,Selectome/Euteleostomi/ENSGT00390000013777,Selectome,35,1009
155,Selectome/Euteleostomi/ENSGT00390000008787,Selectome,28,1253
156,Selectome/Drosophila/EMGT00050000001323,Selectome,11,660
157,Selectome/Euteleostomi/ENSGT00390000015152,Selectome,39,678
158,Selectome/Euteleostomi/ENSGT00550000074925,Selectome,35,1186
159,Selectome/Drosophila/EMGT00050000002320,Selectome,9,1399
160,Selectome/Drosophila/EMGT00050000001703,Selectome,7,816
161,Selectome/Drosophila/EMGT00180000072657,Selectome,33,898
162,Selectome/Euteleostomi/ENSGT00530000064357,Selectome,9,623
163,Selectome/Euteleostomi/ENSGT00440000034341,Selectome,23,612
164,Selectome/Euteleostomi/ENSGT00410000025985,Selectome,26,522
165,Selectome/Primates/ENSGT00550000075029,Selectome,6,1436
166,Selectome/Drosophila/EMGT00160000064125,Selectome,34,922
167,Selectome/Euteleostomi/ENSGT00520000058755,Selectome,6,796
168,Selectome/Euteleostomi/ENSGT00390000009366,Selectome,36,360
169,Selectome/Drosophila/EMGT00050000002674,Selectome,10,3355
170,Selectome/Euteleostomi/ENSGT00390000007636,Selectome,36,1402
171,Selectome/Drosophila/EMGT00050000001699,Selectome,11,1498
172,Selectome/Euteleostomi/ENSGT00390000011985,Selectome,28,990
173,Selectome/Drosophila/EMGT00050000002009,Selectome,11,1462
174,Selectome/Drosophila/EMGT00050000007528,Selectome,12,421
175,Selectome/Euteleostomi/ENSGT00390000016851,Selectome,29,1217
176,Selectome/Euteleostomi/ENSGT00390000000463,Selectome,47,2163
177,Selectome/Euteleostomi/ENSGT00680000099585,Selectome,60,1125
178,Selectome/Euteleostomi/ENSGT00550000074911,Selectome,37,975
179,Selectome/Euteleostomi/ENSGT00390000014627,Selectome,27,1117
180,Selectome/Glires/ENSGT00390000016383,Selectome,7,1430
181,Selectome/Drosophila/EMGT00050000000090,Selectome,11,3014
182,Selectome/Drosophila/EMGT00050000001660,Selectome,12,2256
183,Selectome/Drosophila/EMGT00050000022467,Selectome,22,370
184,Selectome/Drosophila/EMGT00050000022769,Selectome,10,371
185,Selectome/Primates/ENSGT00390000013029,Selectome,7,3053
186,Selectome/Euteleostomi/ENSGT00510000048581,Selectome,33,479
187,Selectome/Euteleostomi/ENSGT00390000018227,Selectome,35,886
188,Selectome/Euteleostomi/ENSGT00570000079264,Selectome,17,1207
189,Selectome/Drosophila/EMGT00050000006651,Selectome,41,673
190,Selectome/Euteleostomi/ENSGT00390000005194,Selectome,37,1995
191,Selectome/Euteleostomi/ENSGT00390000017928,Selectome,58,1367
192,Selectome/Euteleostomi/ENSGT00400000022168,Selectome,46,1286
193,Selectome/Euteleostomi/ENSGT00390000018714,Selectome,60,1253
194,Selectome/Drosophila/EMGT00050000002114,Selectome,10,1335
195,Selectome/Drosophila/EMGT00050000013931,Selectome,12,957
196,Selectome/Euteleostomi/ENSGT00530000063335,Selectome,34,988
197,Selectome/Euteleostomi/ENSGT00390000018775,Selectome,40,549
198,Selectome/Euteleostomi/ENSGT00550000074411,Selectome,44,1345
199,Selectome/Euteleostomi/ENSGT00390000004566,Selectome,18,1947
200,Selectome/Drosophila/EMGT00050000008271,Selectome,86,972
201,Selectome/Glires/ENSGT00390000004522,Selectome,7,656
202,Selectome/Drosophila/EMGT00050000002042,Selectome,11,867
203,Selectome/Drosophila/EMGT00050000005156,Selectome,12,624
204,Selectome/Euteleostomi/ENSGT00390000011892,Selectome,40,922
205,Selectome/Primates/ENSGT00700000104427,Selectome,12,1257
206,Selectome/Drosophila/EMGT00050000015460,Selectome,10,368
207,Selectome/Drosophila/EMGT00050000015679,Selectome,8,455
208,Selectome/Euteleostomi/ENSGT00530000063152,Selectome,44,2095
209,Selectome/Euteleostomi/ENSGT00390000016690,Selectome,27,836
210,Selectome/Drosophila/EMGT00120000049887,Selectome,10,3902
211,Selectome/Primates/ENSGT00400000022396,Selectome,13,1655
212,Selectome/Euteleostomi/ENSGT00530000066748,Selectome,7,1653
213,Selectome/Euteleostomi/ENSGT00390000005717,Selectome,54,660
214,Selectome/Euteleostomi/ENSGT00680000099951,Selectome,37,2551
215,Selectome/Euteleostomi/ENSGT00680000099665,Selectome,58,2724
216,Selectome/Drosophila/EMGT00050000012371,Selectome,11,609
217,Selectome/Euteleostomi/ENSGT00390000010921,Selectome,18,488
218,Selectome/Drosophila/EMGT00050000004261,Selectome,9,729
219,Selectome/Drosophila/EMGT00180000072404,Selectome,13,950
220,Selectome/Primates/ENSGT00390000006176,Selectome,8,1130
221,Selectome/Drosophila/EMGT00050000013018,Selectome,11,671
222,Selectome/Drosophila/EMGT00050000022517,Selectome,10,451
223,Selectome/Euteleostomi/ENSGT00390000003477,Selectome,34,886
224,Selectome/Euteleostomi/ENSGT00660000095505,Selectome,36,1970
225,Selectome/Euteleostomi/ENSGT00390000016855,Selectome,13,841
226,Selectome/Euteleostomi/ENSGT00550000074378,Selectome,55,1645
227,Selectome/Euteleostomi/ENSGT00390000017955,Selectome,37,622
228,Selectome/Euteleostomi/ENSGT00390000016694,Selectome,33,1153
229,Selectome/Primates/ENSGT00670000097847,Selectome,42,760
230,Selectome/Euteleostomi/ENSGT00390000016607,Selectome,28,845
231,Selectome/Euteleostomi/ENSGT00670000098136,Selectome,25,520
232,Selectome/Euteleostomi/ENSGT00390000001768,Selectome,46,387
233,Selectome/Drosophila/EMGT00050000008674,Selectome,11,513
234,Selectome/Euteleostomi/ENSGT00390000002349,Selectome,34,972
235,Selectome/Glires/ENSGT00530000062942,Selectome,7,958
236,Selectome/Euteleostomi/ENSGT00560000076861,Selectome,40,381
237,Selectome/Euteleostomi/ENSGT00440000039046,Selectome,34,1161
238,Selectome/Drosophila/EMGT00050000002726,Selectome,11,1515
239,Selectome/Euteleostomi/ENSGT00680000099768,Selectome,51,485
240,Selectome/Drosophila/EMGT00050000010684,Selectome,20,920
241,Selectome/Euteleostomi/ENSGT00530000063767,Selectome,38,428
242,Selectome/Drosophila/EMGT00130000056250,Selectome,10,2531
243,Selectome/Euteleostomi/ENSGT00440000034155,Selectome,36,1878
244,Selectome/Drosophila/EMGT00050000004134,Selectome,11,2717
245,Selectome/Glires/ENSGT00700000104378,Selectome,7,1942
246,Selectome/Euteleostomi/ENSGT00390000013383,Selectome,35,362
247,Selectome/Euteleostomi/ENSGT00640000091542,Selectome,21,2773
248,Selectome/Euteleostomi/ENSGT00510000048748,Selectome,37,370
249,Selectome/Drosophila/EMGT00050000015309,Selectome,10,4411
250,Selectome/Euteleostomi/ENSGT00510000047895,Selectome,31,1079
251,Selectome/Drosophila/EMGT00050000022552,Selectome,10,876
252,Selectome/Euteleostomi/ENSGT00390000011694,Selectome,22,1844
253,Selectome/Euteleostomi/ENSGT00670000097765,Selectome,62,2554
254,Selectome/Drosophila/EMGT00050000000638,Selectome,11,1307
255,Selectome/Drosophila/EMGT00050000001698,Selectome,8,617
256,Selectome/Euteleostomi/ENSGT00550000074511,Selectome,37,687
257,Selectome/Drosophila/EMGT00180000072796,Selectome,10,776
258,Selectome/Euteleostomi/ENSGT00640000091458,Selectome,39,660
259,Selectome/Euteleostomi/ENSGT00390000001546,Selectome,28,1333
260,Selectome/Drosophila/EMGT00050000000151,Selectome,10,417
261,Selectome/Euteleostomi/ENSGT00390000011262,Selectome,34,1675
262,Selectome/Euteleostomi/ENSGT00390000003281,Selectome,48,1601
263,Selectome/Euteleostomi/ENSGT00670000098113,Selectome,32,1101
264,Selectome/Euteleostomi/ENSGT00550000074403,Selectome,45,935
265,Selectome/Glires/ENSGT00440000035348,Selectome,7,533
266,Selectome/Euteleostomi/ENSGT00530000063137,Selectome,29,1335
267,Selectome/Euteleostomi/ENSGT00390000006215,Selectome,22,771
268,Selectome/Euteleostomi/ENSGT00390000014665,Selectome,30,530
269,Selectome/Drosophila/EMGT00050000011884,Selectome,10,1827
270,Selectome/Glires/ENSGT00390000017863,Selectome,6,759
271,Selectome/Drosophila/EMGT00050000006041,Selectome,22,922
272,Selectome/Euteleostomi/ENSGT00390000002812,Selectome,57,1374
273,Selectome/Euteleostomi/ENSGT00390000002509,Selectome,20,452
274,Selectome/Euteleostomi/ENSGT00390000008825,Selectome,26,295
275,Selectome/Euteleostomi/ENSGT00390000004001,Selectome,20,417
276,Selectome/Euteleostomi/ENSGT00390000012654,Selectome,29,1013
277,Selectome/Euteleostomi/ENSGT00390000010195,Selectome,39,575
278,Selectome/Euteleostomi/ENSGT00510000046413,Selectome,38,1393
279,Selectome/Euteleostomi/ENSGT00390000015102,Selectome,34,1306
280,Selectome/Drosophila/EMGT00050000004258,Selectome,10,978
281,Selectome/Drosophila/EMGT00050000002224,Selectome,12,653
282,Selectome/Drosophila/EMGT00120000049727,Selectome,11,3082
283,Selectome/Euteleostomi/ENSGT00510000048740,Selectome,34,534
284,Selectome/Euteleostomi/ENSGT00390000009578,Selectome,31,659
285,Selectome/Drosophila/EMGT00050000001489,Selectome,10,791
286,Selectome/Euteleostomi/ENSGT00390000014994,Selectome,41,328
287,Selectome/Euteleostomi/ENSGT00680000099937,Selectome,39,1290
288,Selectome/Euteleostomi/ENSGT00530000063749,Selectome,35,3334
289,Selectome/Drosophila/EMGT00050000013092,Selectome,10,853
290,Selectome/Euteleostomi/ENSGT00550000074940,Selectome,36,935
291,Selectome/Primates/ENSGT00560000076846,Selectome,16,995
292,Selectome/Euteleostomi/ENSGT00390000017288,Selectome,33,1044
293,Selectome/Euteleostomi/ENSGT00390000015500,Selectome,25,2685
294,Selectome/Drosophila/EMGT00180000072412,Selectome,47,628
295,Selectome/Euteleostomi/ENSGT00650000093105,Selectome,55,955
296,Selectome/Euteleostomi/ENSGT00390000010571,Selectome,17,1873
297,Selectome/Drosophila/EMGT00050000012421,Selectome,11,2297
298,Selectome/Primates/ENSGT00440000037606,Selectome,6,2446
299,Selectome/Euteleostomi/ENSGT00390000005703,Selectome,62,2057
300,Selectome/Euteleostomi/ENSGT00680000099512,Selectome,41,583
301,Selectome/Drosophila/EMGT00050000002326,Selectome,11,914
302,Selectome/Euteleostomi/ENSGT00390000008220,Selectome,24,459
303,Selectome/Drosophila/EMGT00050000012693,Selectome,11,446
304,Selectome/Drosophila/EMGT00050000010453,Selectome,10,420
305,Selectome/Euteleostomi/ENSGT00390000001962,Selectome,25,979
306,Selectome/Drosophila/EMGT00050000002092,Selectome,11,1441
307,Selectome/Euteleostomi/ENSGT00390000006359,Selectome,11,317
308,Selectome/Euteleostomi/ENSGT00390000003303,Selectome,38,1235
309,Selectome/Euteleostomi/ENSGT00670000097694,Selectome,56,2411
310,Selectome/Euteleostomi/ENSGT00390000015114,Selectome,31,1021
311,Selectome/Euteleostomi/ENSGT00680000099895,Selectome,34,1705
312,Selectome/Euteleostomi/ENSGT00670000097545,Selectome,40,1401
313,Selectome/Drosophila/EMGT00050000002195,Selectome,12,3092
314,Selectome/Drosophila/EMGT00050000017064,Selectome,10,637
315,Selectome/Euteleostomi/ENSGT00390000001482,Selectome,33,767
316,Selectome/Euteleostomi/ENSGT00530000062954,Selectome,35,1515
317,Selectome/Euteleostomi/ENSGT00530000063165,Selectome,35,548
318,Selectome/Euteleostomi/ENSGT00390000004697,Selectome,22,1150
319,Selectome/Euteleostomi/ENSGT00390000011510,Selectome,16,609
320,Selectome/Euteleostomi/ENSGT00530000063970,Selectome,54,1301
321,Selectome/Euteleostomi/ENSGT00670000098076,Selectome,32,516
322,Selectome/Euteleostomi/ENSGT00680000100010,Selectome,23,720
323,Selectome/Euteleostomi/ENSGT00390000006837,Selectome,42,637
324,Selectome/Euteleostomi/ENSGT00660000095508,Selectome,45,440
325,Selectome/Euteleostomi/ENSGT00640000091207,Selectome,33,738
326,Selectome/Drosophila/EMGT00050000002046,Selectome,11,2066
327,Selectome/Euteleostomi/ENSGT00550000074448,Selectome,38,1832
328,Selectome/Euteleostomi/ENSGT00660000095141,Selectome,50,858
329,Selectome/Drosophila/EMGT00050000013163,Selectome,12,1131
330,Selectome/Drosophila/EMGT00050000000500,Selectome,10,1462
331,Selectome/Euteleostomi/ENSGT00390000015361,Selectome,35,1078
332,Selectome/Euteleostomi/ENSGT00680000099708,Selectome,33,5906
333,Selectome/Euteleostomi/ENSGT00390000004118,Selectome,32,489
334,Selectome/Euteleostomi/ENSGT00530000063675,Selectome,62,1407
335,Selectome/Drosophila/EMGT00180000072511,Selectome,12,1267
336,Selectome/Euteleostomi/ENSGT00550000074573,Selectome,58,932
337,Selectome/Drosophila/EMGT00050000004204,Selectome,12,1425
338,Selectome/Euteleostomi/ENSGT00390000016050,Selectome,26,686
339,Selectome/Euteleostomi/ENSGT00530000063479,Selectome,35,1426
340,Selectome/Drosophila/EMGT00050000000094,Selectome,12,1128
341,Selectome/Drosophila/EMGT00050000013907,Selectome,21,774
342,Selectome/Drosophila/EMGT00050000012342,Selectome,11,699
343,Selectome/Drosophila/EMGT00050000012536,Selectome,11,577
344,Selectome/Drosophila/EMGT00050000016244,Selectome,20,884
345,Selectome/Drosophila/EMGT00050000011790,Selectome,11,280
346,Selectome/Euteleostomi/ENSGT00550000074275,Selectome,37,1070
347,Selectome/Glires/ENSGT00390000008704,Selectome,14,684
348,Selectome/Drosophila/EMGT00090000037459,Selectome,9,536
349,Selectome/Euteleostomi/ENSGT00440000034257,Selectome,26,2075
350,Selectome/Drosophila/EMGT00050000017239,Selectome,10,1093
351,Selectome/Euteleostomi/ENSGT00680000099886,Selectome,10,1507
352,Selectome/Euteleostomi/ENSGT00590000083091,Selectome,45,661
353,Selectome/Euteleostomi/ENSGT00600000084481,Selectome,33,3102
354,Selectome/Euteleostomi/ENSGT00390000002237,Selectome,26,978
355,Selectome/Glires/ENSGT00530000063835,Selectome,6,970
356,Selectome/Drosophila/EMGT00050000015082,Selectome,13,747
357,Selectome/Euteleostomi/ENSGT00390000006051,Selectome,56,385
358,Selectome/Drosophila/EMGT00100000043621,Selectome,11,1425
359,Selectome/Drosophila/EMGT00050000011524,Selectome,11,1211
360,Selectome/Euteleostomi/ENSGT00660000095695,Selectome,15,895
361,Selectome/Drosophila/EMGT00050000015612,Selectome,12,388
362,Selectome/Euteleostomi/ENSGT00390000004585,Selectome,22,473
363,Selectome/Drosophila/EMGT00050000014455,Selectome,12,324
364,Selectome/Euteleostomi/ENSGT00390000000377,Selectome,33,1804
365,Selectome/Drosophila/EMGT00080000029819,Selectome,12,1739
366,Selectome/Drosophila/EMGT00050000022320,Selectome,8,459
367,Selectome/Drosophila/EMGT00170000069980,Selectome,12,464
368,Selectome/Drosophila/EMGT00050000002184,Selectome,11,1001
369,Selectome/Euteleostomi/ENSGT00510000046839,Selectome,26,1074
370,Selectome/Glires/ENSGT00500000044869,Selectome,6,856
371,Selectome/Glires/ENSGT00390000009885,Selectome,6,941
372,Selectome/Drosophila/EMGT00050000001604,Selectome,8,712
373,Selectome/Drosophila/EMGT00050000005244,Selectome,11,1609
374,Selectome/Drosophila/EMGT00050000002524,Selectome,22,333
375,Selectome/Drosophila/EMGT00050000002316,Selectome,11,2118
376,Selectome/Drosophila/EMGT00050000004763,Selectome,10,3072
377,Selectome/Glires/ENSGT00700000104141,Selectome,17,1463
378,Selectome/Euteleostomi/ENSGT00390000006373,Selectome,28,7318
379,Selectome/Euteleostomi/ENSGT00680000099647,Selectome,62,1267
380,Selectome/Euteleostomi/ENSGT00390000014633,Selectome,34,989
381,Selectome/Euteleostomi/ENSGT00390000017679,Selectome,33,687
382,Selectome/Drosophila/EMGT00180000072597,Selectome,6,823
383,Selectome/Drosophila/EMGT00050000010134,Selectome,12,726
384,Selectome/Drosophila/EMGT00080000029836,Selectome,11,2667
385,Selectome/Euteleostomi/ENSGT00530000063069,Selectome,41,1735
386,Selectome/Euteleostomi/ENSGT00660000095541,Selectome,24,3483
387,Selectome/Euteleostomi/ENSGT00390000000839,Selectome,9,285
388,Selectome/Euteleostomi/ENSGT00510000047125,Selectome,60,1313
389,Selectome/Primates/ENSGT00690000101961,Selectome,8,5482
390,Selectome/Euteleostomi/ENSGT00390000014490,Selectome,25,469
391,Selectome/Euteleostomi/ENSGT00680000100245,Selectome,12,1133
392,Selectome/Drosophila/EMGT00050000012915,Selectome,10,828
393,Selectome/Euteleostomi/ENSGT00510000046476,Selectome,47,1926
394,Selectome/Euteleostomi/ENSGT00650000093510,Selectome,16,616
395,Selectome/Drosophila/EMGT00050000022305,Selectome,7,603
396,Selectome/Drosophila/EMGT00090000037221,Selectome,11,412
397,Selectome/Drosophila/EMGT00050000004257,Selectome,10,354
398,Selectome/Drosophila/EMGT00050000022726,Selectome,11,1693
399,Selectome/Drosophila/EMGT00050000001647,Selectome,9,2479
400,Selectome/Drosophila/EMGT00050000000486,Selectome,11,520
401,Selectome/Euteleostomi/ENSGT00390000008616,Selectome,28,354
402,Selectome/Euteleostomi/ENSGT00390000015485,Selectome,23,626
403,Selectome/Drosophila/EMGT00050000006181,Selectome,11,597
404,Selectome/Glires/ENSGT00390000018730,Selectome,6,752
405,Selectome/Euteleostomi/ENSGT00390000016402,Selectome,56,505
406,Selectome/Drosophila/EMGT00050000001458,Selectome,12,1448
407,Selectome/Drosophila/EMGT00050000010685,Selectome,12,663
408,Selectome/Drosophila/EMGT00180000072476,Selectome,23,466
409,Selectome/Drosophila/EMGT00050000007960,Selectome,12,1691
410,Selectome/Euteleostomi/ENSGT00520000055551,Selectome,48,1062
411,Selectome/Euteleostomi/ENSGT00390000003183,Selectome,42,734
412,Selectome/Euteleostomi/ENSGT00390000005178,Selectome,27,352
413,Selectome/Euteleostomi/ENSGT00530000063291,Selectome,48,1553
414,Selectome/Euteleostomi/ENSGT00390000008198,Selectome,18,1549
415,Selectome/Euteleostomi/ENSGT00390000007352,Selectome,31,510
416,Selectome/Drosophila/EMGT00050000001676,Selectome,12,659
417,Selectome/Drosophila/EMGT00050000004968,Selectome,10,2815
418,Selectome/Euteleostomi/ENSGT00390000001443,Selectome,35,920
419,Selectome/Euteleostomi/ENSGT00510000047079,Selectome,41,471
420,Selectome/Euteleostomi/ENSGT00390000006243,Selectome,35,533
421,Selectome/Euteleostomi/ENSGT00390000001491,Selectome,32,1097
422,Selectome/Drosophila/EMGT00050000003982,Selectome,11,2051
423,Selectome/Drosophila/EMGT00140000059846,Selectome,11,537
424,Selectome/Euteleostomi/ENSGT00390000005227,Selectome,14,511
425,Selectome/Euteleostomi/ENSGT00510000049460,Selectome,28,382
426,Selectome/Euteleostomi/ENSGT00680000099998,Selectome,37,926
427,Selectome/Primates/ENSGT00690000102111,Selectome,12,491
428,Selectome/Euteleostomi/ENSGT00390000002837,Selectome,39,479
429,Selectome/Euteleostomi/ENSGT00550000074581,Selectome,52,855
430,Selectome/Euteleostomi/ENSGT00550000074417,Selectome,58,2663
431,Selectome/Euteleostomi/ENSGT00550000074575,Selectome,55,4361
432,Selectome/Drosophila/EMGT00050000004766,Selectome,11,1256
433,Selectome/Drosophila/EMGT00070000025845,Selectome,12,1595
434,Selectome/Euteleostomi/ENSGT00680000100131,Selectome,26,2264
435,Selectome/Drosophila/EMGT00050000005941,Selectome,12,734
436,Selectome/Euteleostomi/ENSGT00390000006008,Selectome,29,573
437,Selectome/Euteleostomi/ENSGT00530000063804,Selectome,53,799
438,Selectome/Euteleostomi/ENSGT00390000008021,Selectome,27,525
439,Selectome/Euteleostomi/ENSGT00560000076724,Selectome,58,1827
440,Selectome/Drosophila/EMGT00050000007481,Selectome,12,992
441,Selectome/Drosophila/EMGT00110000045704,Selectome,10,1867
442,Selectome/Euteleostomi/ENSGT00680000100254,Selectome,12,1538
443,Selectome/Euteleostomi/ENSGT00390000017838,Selectome,31,629
444,Selectome/Euteleostomi/ENSGT00550000074459,Selectome,33,671
445,Selectome/Euteleostomi/ENSGT00390000005897,Selectome,35,686
446,Selectome/Euteleostomi/ENSGT00410000025800,Selectome,26,1281
447,Selectome/Drosophila/EMGT00050000006992,Selectome,11,2414
448,Selectome/Drosophila/EMGT00050000001573,Selectome,7,1034
449,Selectome/Euteleostomi/ENSGT00510000047037,Selectome,44,560
450,Selectome/Euteleostomi/ENSGT00560000077236,Selectome,46,658
451,Selectome/Euteleostomi/ENSGT00530000062981,Selectome,46,617
452,Selectome/Drosophila/EMGT00050000003072,Selectome,12,1393
453,Selectome/Euteleostomi/ENSGT00660000095743,Selectome,16,524
454,Selectome/Drosophila/EMGT00050000022294,Selectome,11,620
455,Selectome/Drosophila/EMGT00110000045647,Selectome,11,743
456,Selectome/Drosophila/EMGT00050000007377,Selectome,29,918
457,Selectome/Drosophila/EMGT00050000010473,Selectome,7,1176
458,Selectome/Euteleostomi/ENSGT00510000048612,Selectome,27,875
459,Selectome/Euteleostomi/ENSGT00390000016619,Selectome,37,1406
460,Selectome/Drosophila/EMGT00050000001493,Selectome,12,1598
461,Selectome/Euteleostomi/ENSGT00390000008565,Selectome,61,1102
462,Selectome/Euteleostomi/ENSGT00390000012118,Selectome,33,682
463,Selectome/Glires/ENSGT00700000104385,Selectome,17,427
464,Selectome/Euteleostomi/ENSGT00680000100163,Selectome,15,1002
465,Selectome/Euteleostomi/ENSGT00510000047363,Selectome,44,416
466,Selectome/Euteleostomi/ENSGT00390000004595,Selectome,34,1130
467,Selectome/Euteleostomi/ENSGT00660000095513,Selectome,45,609
468,Selectome/Drosophila/EMGT00050000022178,Selectome,11,313
469,Selectome/Euteleostomi/ENSGT00390000003623,Selectome,33,639
470,Selectome/Drosophila/EMGT00050000001468,Selectome,11,2447
471,Selectome/Euteleostomi/ENSGT00390000002223,Selectome,34,576
472,Selectome/Euteleostomi/ENSGT00390000009358,Selectome,24,1151
473,Selectome/Glires/ENSGT00710000106869,Selectome,29,1071
474,Selectome/Euteleostomi/ENSGT00510000047446,Selectome,36,2060
475,Selectome/Euteleostomi/ENSGT00390000006029,Selectome,36,437
476,Selectome/Euteleostomi/ENSGT00390000009794,Selectome,24,1053
477,Selectome/Euteleostomi/ENSGT00390000012446,Selectome,40,935
478,Selectome/Drosophila/EMGT00050000005225,Selectome,11,2944
479,Selectome/Euteleostomi/ENSGT00410000029325,Selectome,20,329
480,Selectome/Euteleostomi/ENSGT00460000041960,Selectome,12,843
481,Selectome/Euteleostomi/ENSGT00520000055585,Selectome,36,904
482,Selectome/Euteleostomi/ENSGT00390000017432,Selectome,36,591
483,Selectome/Euteleostomi/ENSGT00680000099680,Selectome,37,523
484,Selectome/Drosophila/EMGT00050000008452,Selectome,9,3837
485,Selectome/Drosophila/EMGT00050000001641,Selectome,8,1327
486,Selectome/Drosophila/EMGT00050000007133,Selectome,12,1603
487,Selectome/Glires/ENSGT00710000106612,Selectome,6,1456
488,Selectome/Drosophila/EMGT00050000000053,Selectome,10,1945
489,Selectome/Glires/ENSGT00620000088063,Selectome,6,2066
490,Selectome/Euteleostomi/ENSGT00610000085984,Selectome,48,4125
491,Selectome/Euteleostomi/ENSGT00680000100223,Selectome,13,604
492,Selectome/Drosophila/EMGT00050000004316,Selectome,10,2279
493,Selectome/Euteleostomi/ENSGT00390000015047,Selectome,34,581
494,Selectome/Euteleostomi/ENSGT00510000048963,Selectome,27,1354
495,Selectome/Euteleostomi/ENSGT00390000012857,Selectome,37,724
496,Selectome/Drosophila/EMGT00050000015018,Selectome,10,1030
497,Selectome/Euteleostomi/ENSGT00680000099517,Selectome,27,1472
498,Selectome/Euteleostomi/ENSGT00390000003858,Selectome,28,837
499,Selectome/Euteleostomi/ENSGT00390000009130,Selectome,41,893
500,PANDIT/PF03747,PANDIT,23,460
501,PANDIT/PF03060,PANDIT,12,445
502,PANDIT/PF07668,PANDIT,31,506
503,PANDIT/PF00112,PANDIT,162,367
504,PANDIT/PF00512,PANDIT,268,102
505,PANDIT/PF07916,PANDIT,13,565
506,PANDIT/PF00905,PANDIT,42,425
507,PANDIT/PF03337,PANDIT,5,670
508,PANDIT/PF00940,PANDIT,18,713
509,PANDIT/PF00924,PANDIT,39,287
510,PANDIT/PF00929,PANDIT,64,238
511,PANDIT/PF03949,PANDIT,69,324
512,PANDIT/PF03945,PANDIT,38,270
513,PANDIT/PF03595,PANDIT,51,496
514,PANDIT/PF08032,PANDIT,136,100
515,PANDIT/PF01903,PANDIT,50,176
516,PANDIT/PF01812,PANDIT,25,243
517,PANDIT/PF07776,PANDIT,124,124
518,PANDIT/PF03237,PANDIT,28,527
519,PANDIT/PF01044,PANDIT,10,1289
520,PANDIT/PF00903,PANDIT,88,325
521,PANDIT/PF03140,PANDIT,26,601
522,PANDIT/PF01366,PANDIT,17,787
523,PANDIT/PF01504,PANDIT,16,436
524,PANDIT/PF01693,PANDIT,7,522
525,PANDIT/PF04983,PANDIT,114,365
526,PANDIT/PF00583,PANDIT,243,150
527,PANDIT/PF02714,PANDIT,12,551
528,PANDIT/PF04515,PANDIT,16,458
529,PANDIT/PF06519,PANDIT,9,451
530,PANDIT/PF00126,PANDIT,1628,85
531,PANDIT/PF00581,PANDIT,42,159
532,PANDIT/PF00478,PANDIT,86,550
533,PANDIT/PF02390,PANDIT,19,294
534,PANDIT/PF04408,PANDIT,148,250
535,PANDIT/PF00632,PANDIT,75,576
536,PANDIT/PF02902,PANDIT,32,509
537,PANDIT/PF05327,PANDIT,7,686
538,PANDIT/PF03606,PANDIT,13,549
539,PANDIT/PF04607,PANDIT,109,187
540,PANDIT/PF04797,PANDIT,23,490
541,PANDIT/PF03413,PANDIT,166,111
542,PANDIT/PF01709,PANDIT,48,277
543,PANDIT/PF05709,PANDIT,9,703
544,PANDIT/PF01926,PANDIT,740,369
545,PANDIT/PF07396,PANDIT,14,526
546,PANDIT/PF04357,PANDIT,14,487
547,PANDIT/PF05188,PANDIT,47,214
548,PANDIT/PF01688,PANDIT,13,408
549,PANDIT/PF00732,PANDIT,21,365
550,PANDIT/PF03486,PANDIT,49,447
551,PANDIT/PF03177,PANDIT,4,1509
552,PANDIT/PF01602,PANDIT,33,815
553,PANDIT/PF04546,PANDIT,28,239
554,PANDIT/PF00982,PANDIT,25,642
555,PANDIT/PF04101,PANDIT,36,214
556,PANDIT/PF00773,PANDIT,24,509
557,PANDIT/PF03824,PANDIT,22,348
558,PANDIT/PF01593,PANDIT,92,746
559,PANDIT/PF00305,PANDIT,17,698
560,PANDIT/PF00873,PANDIT,24,1164
561,PANDIT/PF01600,PANDIT,8,587
562,PANDIT/PF07678,PANDIT,58,348
563,PANDIT/PF00180,PANDIT,25,464
564,PANDIT/PF03807,PANDIT,61,341
565,PANDIT/PF02894,PANDIT,37,151
566,PANDIT/PF02878,PANDIT,90,173
567,PANDIT/PF00122,PANDIT,104,337
568,PANDIT/PF08007,PANDIT,29,483
569,PANDIT/PF01134,PANDIT,123,528
570,PANDIT/PF07859,PANDIT,134,355
571,PANDIT/PF00295,PANDIT,16,390
572,PANDIT/PF02854,PANDIT,38,375
573,PANDIT/PF05231,PANDIT,33,371
574,PANDIT/PF00795,PANDIT,48,267
575,PANDIT/PF00858,PANDIT,31,847
576,PANDIT/PF07586,PANDIT,13,408
577,PANDIT/PF00263,PANDIT,57,348
578,PANDIT/PF00759,PANDIT,40,573
579,PANDIT/PF01522,PANDIT,110,300
580,PANDIT/PF02899,PANDIT,41,116
581,PANDIT/PF04104,PANDIT,15,454
582,PANDIT/PF02383,PANDIT,15,435
583,PANDIT/PF03950,PANDIT,32,250
584,PANDIT/PF06964,PANDIT,25,234
585,PANDIT/PF01594,PANDIT,32,372
586,PANDIT/PF06742,PANDIT,31,152
587,PANDIT/PF00937,PANDIT,9,492
588,PANDIT/PF03349,PANDIT,23,555
589,PANDIT/PF00005,PANDIT,58,333
590,PANDIT/PF00246,PANDIT,133,656
591,PANDIT/PF01814,PANDIT,155,111
592,PANDIT/PF00909,PANDIT,25,519
593,PANDIT/PF01384,PANDIT,27,714
594,PANDIT/PF04502,PANDIT,12,385
595,PANDIT/PF03170,PANDIT,8,661
596,PANDIT/PF05692,PANDIT,32,716
597,PANDIT/PF02517,PANDIT,46,146
598,PANDIT/PF04257,PANDIT,10,1284
599,PANDIT/PF00898,PANDIT,25,984
600,PANDIT/PF04258,PANDIT,14,451
601,PANDIT/PF07508,PANDIT,51,153
602,PANDIT/PF04762,PANDIT,6,1095
603,PANDIT/PF07059,PANDIT,12,281
604,PANDIT/PF01368,PANDIT,155,274
605,PANDIT/PF07683,PANDIT,119,192
606,PANDIT/PF01992,PANDIT,14,362
607,PANDIT/PF00685,PANDIT,57,445
608,PANDIT/PF01551,PANDIT,283,166
609,PANDIT/PF01094,PANDIT,132,749
610,PANDIT/PF00206,PANDIT,19,345
611,PANDIT/PF02956,PANDIT,6,791
612,PANDIT/PF00961,PANDIT,65,168
613,PANDIT/PF03721,PANDIT,27,216
614,PANDIT/PF02384,PANDIT,15,391
615,PANDIT/PF02163,PANDIT,75,710
616,PANDIT/PF01663,PANDIT,72,714
617,PANDIT/PF07893,PANDIT,25,519
618,PANDIT/PF06650,PANDIT,11,361
619,PANDIT/PF04892,PANDIT,22,182
620,PANDIT/PF05577,PANDIT,12,499
621,PANDIT/PF04715,PANDIT,67,266
622,PANDIT/PF05159,PANDIT,22,372
623,PANDIT/PF00978,PANDIT,37,561
624,PANDIT/PF03105,PANDIT,27,457
625,PANDIT/PF00027,PANDIT,326,142
626,PANDIT/PF03125,PANDIT,21,478
627,PANDIT/PF00994,PANDIT,154,287
628,PANDIT/PF05594,PANDIT,39,160
629,PANDIT/PF01966,PANDIT,161,217
630,PANDIT/PF05185,PANDIT,8,657
631,PANDIT/PF01970,PANDIT,24,481
632,PANDIT/PF00723,PANDIT,26,548
633,PANDIT/PF02698,PANDIT,126,293
634,PANDIT/PF04776,PANDIT,20,154
635,PANDIT/PF00652,PANDIT,94,200
636,PANDIT/PF07980,PANDIT,82,636
637,PANDIT/PF04177,PANDIT,9,427
638,PANDIT/PF06617,PANDIT,8,306
639,PANDIT/PF07670,PANDIT,174,319
640,PANDIT/PF02514,PANDIT,19,1196
641,PANDIT/PF00563,PANDIT,55,271
642,PANDIT/PF00664,PANDIT,56,378
643,PANDIT/PF00571,PANDIT,402,283
644,PANDIT/PF01544,PANDIT,25,550
645,PANDIT/PF00082,PANDIT,45,764
646,PANDIT/PF01074,PANDIT,52,403
647,PANDIT/PF02259,PANDIT,35,638
648,PANDIT/PF03813,PANDIT,4,1098
649,PANDIT/PF00355,PANDIT,160,133
650,PANDIT/PF03936,PANDIT,86,355
651,PANDIT/PF07587,PANDIT,41,425
652,PANDIT/PF00344,PANDIT,17,396
653,PANDIT/PF02525,PANDIT,43,247
654,PANDIT/PF02867,PANDIT,14,645
655,PANDIT/PF00153,PANDIT,125,152
656,PANDIT/PF07221,PANDIT,20,470
657,PANDIT/PF00747,PANDIT,11,1251
658,PANDIT/PF00665,PANDIT,254,273
659,PANDIT/PF00891,PANDIT,30,285
660,PANDIT/PF00487,PANDIT,109,330
661,PANDIT/PF07519,PANDIT,8,610
662,PANDIT/PF04561,PANDIT,22,231
663,PANDIT/PF01617,PANDIT,10,425
664,PANDIT/PF02689,PANDIT,15,1025
665,PANDIT/PF04916,PANDIT,7,742
666,PANDIT/PF06574,PANDIT,66,179
667,PANDIT/PF03739,PANDIT,38,423
668,PANDIT/PF07733,PANDIT,90,818
669,PANDIT/PF06317,PANDIT,4,2297
670,PANDIT/PF02990,PANDIT,16,673
671,PANDIT/PF00060,PANDIT,51,425
672,PANDIT/PF03354,PANDIT,7,613
673,PANDIT/PF05960,PANDIT,12,600
674,PANDIT/PF02358,PANDIT,24,286
675,PANDIT/PF01053,PANDIT,30,475
676,PANDIT/PF05649,PANDIT,26,457
677,PANDIT/PF00202,PANDIT,19,412
678,PANDIT/PF05679,PANDIT,7,684
679,PANDIT/PF02695,PANDIT,15,329
680,PANDIT/PF04535,PANDIT,34,166
681,PANDIT/PF05567,PANDIT,5,1085
682,PANDIT/PF01068,PANDIT,46,300
683,PANDIT/PF00850,PANDIT,21,434
684,PANDIT/PF07693,PANDIT,23,922
685,PANDIT/PF01075,PANDIT,18,287
686,PANDIT/PF02210,PANDIT,152,273
687,PANDIT/PF05703,PANDIT,12,533
688,PANDIT/PF00622,PANDIT,68,240
689,PANDIT/PF02350,PANDIT,21,370
690,PANDIT/PF02272,PANDIT,136,96
691,PANDIT/PF02637,PANDIT,149,208
692,PANDIT/PF00702,PANDIT,247,487
693,PANDIT/PF01118,PANDIT,191,186
694,PANDIT/PF00270,PANDIT,198,548
695,PANDIT/PF03167,PANDIT,76,284
696,PANDIT/PF02811,PANDIT,70,592
697,PANDIT/PF03636,PANDIT,14,347
698,PANDIT/PF00756,PANDIT,21,337
699,PANDIT/PF01728,PANDIT,34,307
700,PANDIT/PF00128,PANDIT,54,673
701,PANDIT/PF00589,PANDIT,37,264
702,PANDIT/PF00696,PANDIT,108,397
703,PANDIT/PF02469,PANDIT,92,234
704,PANDIT/PF02950,PANDIT,124,117
705,PANDIT/PF02142,PANDIT,164,135
706,PANDIT/PF00169,PANDIT,142,333
707,PANDIT/PF00916,PANDIT,37,353
708,PANDIT/PF00161,PANDIT,19,351
709,PANDIT/PF05786,PANDIT,6,846
710,PANDIT/PF03731,PANDIT,17,286
711,PANDIT/PF00716,PANDIT,11,421
712,PANDIT/PF01609,PANDIT,99,485
713,PANDIT/PF02127,PANDIT,9,471
714,PANDIT/PF02780,PANDIT,83,142
715,PANDIT/PF04738,PANDIT,9,918
716,PANDIT/PF00787,PANDIT,76,315
717,PANDIT/PF03480,PANDIT,35,326
718,PANDIT/PF02409,PANDIT,27,156
719,PANDIT/PF05817,PANDIT,4,712
720,PANDIT/PF00204,PANDIT,65,235
721,PANDIT/PF02438,PANDIT,12,638
722,PANDIT/PF03631,PANDIT,37,280
723,PANDIT/PF00999,PANDIT,85,644
724,PANDIT/PF01274,PANDIT,18,747
725,PANDIT/PF02181,PANDIT,52,641
726,PANDIT/PF00042,PANDIT,76,167
727,PANDIT/PF01747,PANDIT,19,397
728,PANDIT/PF01636,PANDIT,277,750
729,PANDIT/PF02932,PANDIT,50,528
730,PANDIT/PF03568,PANDIT,23,543
731,PANDIT/PF00520,PANDIT,220,424
732,PANDIT/PF01968,PANDIT,62,565
733,PANDIT/PF02673,PANDIT,22,290
734,PANDIT/PF03632,PANDIT,16,521
735,PANDIT/PF04069,PANDIT,38,471
736,PANDIT/PF03422,PANDIT,38,157
737,PANDIT/PF01627,PANDIT,223,125
738,PANDIT/PF00328,PANDIT,104,944
739,PANDIT/PF07575,PANDIT,16,743
740,PANDIT/PF00073,PANDIT,24,313
741,PANDIT/PF00482,PANDIT,237,251
742,PANDIT/PF04153,PANDIT,15,210
743,PANDIT/PF00534,PANDIT,78,236
744,PANDIT/PF00793,PANDIT,29,345
745,PANDIT/PF04499,PANDIT,14,763
746,PANDIT/PF01420,PANDIT,37,209
747,PANDIT/PF00110,PANDIT,15,394
748,PANDIT/PF03466,PANDIT,435,318
749,PANDIT/PF01262,PANDIT,102,233
750,PANDIT/PF01582,PANDIT,41,180
751,PANDIT/PF02737,PANDIT,77,213
752,PANDIT/PF01223,PANDIT,61,401
753,PANDIT/PF03958,PANDIT,120,166
754,PANDIT/PF00190,PANDIT,155,379
755,PANDIT/PF04773,PANDIT,94,162
756,PANDIT/PF00044,PANDIT,114,210
757,PANDIT/PF00441,PANDIT,62,179
758,PANDIT/PF01547,PANDIT,155,586
759,PANDIT/PF00225,PANDIT,94,648
760,PANDIT/PF01904,PANDIT,44,345
761,PANDIT/PF01399,PANDIT,90,242
762,PANDIT/PF02581,PANDIT,93,281
763,PANDIT/PF03343,PANDIT,5,824
764,PANDIT/PF00513,PANDIT,29,588
765,PANDIT/PF00413,PANDIT,69,396
766,PANDIT/PF03129,PANDIT,117,141
767,PANDIT/PF04922,PANDIT,5,479
768,PANDIT/PF00593,PANDIT,681,692
769,PANDIT/PF04812,PANDIT,19,281
770,PANDIT/PF01833,PANDIT,74,178
771,PANDIT/PF02516,PANDIT,15,987
772,PANDIT/PF04466,PANDIT,11,500
773,PANDIT/PF05110,PANDIT,8,1430
774,PANDIT/PF03169,PANDIT,26,775
775,PANDIT/PF03416,PANDIT,16,538
776,PANDIT/PF01056,PANDIT,9,432
777,PANDIT/PF06722,PANDIT,37,119
778,PANDIT/PF02321,PANDIT,47,219
779,PANDIT/PF00717,PANDIT,239,133
780,PANDIT/PF02705,PANDIT,10,823
781,PANDIT/PF04058,PANDIT,25,468
782,PANDIT/PF03326,PANDIT,8,596
783,PANDIT/PF00782,PANDIT,27,234
784,PANDIT/PF00561,PANDIT,49,471
785,PANDIT/PF07681,PANDIT,108,182
786,PANDIT/PF00198,PANDIT,79,290
787,PANDIT/PF01419,PANDIT,29,167
788,PANDIT/PF01063,PANDIT,25,323
789,PANDIT/PF01130,PANDIT,11,594
790,PANDIT/PF03446,PANDIT,185,238
791,PANDIT/PF07555,PANDIT,15,369
792,PANDIT/PF04559,PANDIT,24,790
793,PANDIT/PF07687,PANDIT,182,195
794,PANDIT/PF00134,PANDIT,147,194
795,PANDIT/PF00078,PANDIT,164,397
796,PANDIT/PF04851,PANDIT,57,339
797,PANDIT/PF00383,PANDIT,63,206
798,PANDIT/PF04542,PANDIT,261,101
799,PANDIT/PF01183,PANDIT,30,218
800,PANDIT/PF00004,PANDIT,226,410
801,PANDIT/PF01285,PANDIT,8,520
802,PANDIT/PF04092,PANDIT,22,188
803,PANDIT/PF00450,PANDIT,81,684
804,PANDIT/PF03863,PANDIT,6,522
805,PANDIT/PF01078,PANDIT,21,362
806,PANDIT/PF02574,PANDIT,16,372
807,PANDIT/PF00335,PANDIT,69,362
808,PANDIT/PF06546,PANDIT,6,359
809,PANDIT/PF00889,PANDIT,24,320
810,PANDIT/PF07228,PANDIT,173,338
811,PANDIT/PF05707,PANDIT,19,322
812,PANDIT/PF00254,PANDIT,169,253
813,PANDIT/PF00913,PANDIT,16,456
814,PANDIT/PF05134,PANDIT,23,468
815,PANDIT/PF06333,PANDIT,4,680
816,PANDIT/PF00730,PANDIT,74,235
817,PANDIT/PF03816,PANDIT,39,248
818,PANDIT/PF00089,PANDIT,76,355
819,PANDIT/PF05056,PANDIT,8,499
820,PANDIT/PF01065,PANDIT,13,573
821,PANDIT/PF03717,PANDIT,60,346
822,PANDIT/PF07728,PANDIT,37,381
823,PANDIT/PF01987,PANDIT,47,274
824,PANDIT/PF01113,PANDIT,99,167
825,PANDIT/PF04471,PANDIT,23,144
826,PANDIT/PF02875,PANDIT,53,120
827,PANDIT/PF02362,PANDIT,99,176
828,PANDIT/PF02598,PANDIT,25,437
829,PANDIT/PF04151,PANDIT,106,192
830,PANDIT/PF01590,PANDIT,402,370
831,PANDIT/PF00930,PANDIT,46,812
832,PANDIT/PF07703,PANDIT,74,240
833,PANDIT/PF00606,PANDIT,15,803
834,PANDIT/PF04453,PANDIT,15,552
835,PANDIT/PF03635,PANDIT,6,1024
836,PANDIT/PF02784,PANDIT,17,294
837,PANDIT/PF01935,PANDIT,10,397
838,PANDIT/PF00063,PANDIT,24,956
839,PANDIT/PF07653,PANDIT,38,153
840,PANDIT/PF03662,PANDIT,9,466
841,PANDIT/PF02463,PANDIT,29,391
842,PANDIT/PF02618,PANDIT,39,368
843,PANDIT/PF01553,PANDIT,59,310
844,PANDIT/PF04196,PANDIT,12,891
845,PANDIT/PF05910,PANDIT,10,434
846,PANDIT/PF00762,PANDIT,21,356
847,PANDIT/PF02586,PANDIT,23,441
848,PANDIT/PF01796,PANDIT,52,164
849,PANDIT/PF01395,PANDIT,88,159
850,PANDIT/PF07748,PANDIT,47,925
851,PANDIT/PF03833,PANDIT,6,967
852,PANDIT/PF05999,PANDIT,14,600
853,PANDIT/PF00697,PANDIT,25,252
854,PANDIT/PF03000,PANDIT,13,356
855,PANDIT/PF02653,PANDIT,52,456
856,PANDIT/PF00920,PANDIT,51,644
857,PANDIT/PF03553,PANDIT,41,392
858,PANDIT/PF03372,PANDIT,174,1003
859,PANDIT/PF00817,PANDIT,26,539
860,PANDIT/PF00337,PANDIT,72,275
861,PANDIT/PF00118,PANDIT,41,625
862,PANDIT/PF00115,PANDIT,24,524
863,PANDIT/PF02934,PANDIT,29,332
864,PANDIT/PF06054,PANDIT,14,615
865,PANDIT/PF03381,PANDIT,10,380
866,PANDIT/PF04801,PANDIT,5,481
867,PANDIT/PF00680,PANDIT,39,702
868,PANDIT/PF05625,PANDIT,7,533
869,PANDIT/PF00504,PANDIT,49,267
870,PANDIT/PF03186,PANDIT,14,340
871,PANDIT/PF04791,PANDIT,11,780
872,PANDIT/PF03358,PANDIT,21,210
873,PANDIT/PF05794,PANDIT,11,683
874,PANDIT/PF07093,PANDIT,6,727
875,PANDIT/PF00104,PANDIT,187,336
876,PANDIT/PF01610,PANDIT,19,380
877,PANDIT/PF00668,PANDIT,17,361
878,PANDIT/PF01784,PANDIT,54,455
879,PANDIT/PF00310,PANDIT,60,579
880,PANDIT/PF06026,PANDIT,59,204
881,PANDIT/PF03552,PANDIT,15,958
882,PANDIT/PF00529,PANDIT,49,361
883,PANDIT/PF00532,PANDIT,9,365
884,PANDIT/PF01501,PANDIT,70,436
885,PANDIT/PF00266,PANDIT,14,384
886,PANDIT/PF02645,PANDIT,52,249
887,PANDIT/PF04782,PANDIT,14,412
888,PANDIT/PF00533,PANDIT,81,148
889,PANDIT/PF02620,PANDIT,32,198
890,PANDIT/PF06114,PANDIT,79,204
891,PANDIT/PF01965,PANDIT,43,221
892,PANDIT/PF05764,PANDIT,9,779
893,PANDIT/PF00995,PANDIT,17,735
894,PANDIT/PF00928,PANDIT,51,715
895,PANDIT/PF04006,PANDIT,6,719
896,PANDIT/PF00121,PANDIT,56,283
897,PANDIT/PF02724,PANDIT,7,833
898,PANDIT/PF00498,PANDIT,217,219
899,PANDIT/PF07394,PANDIT,51,558
900,PANDIT/PF01403,PANDIT,27,549
901,PANDIT/PF01457,PANDIT,8,680
902,PANDIT/PF00579,PANDIT,41,402
903,PANDIT/PF01979,PANDIT,65,549
904,PANDIT/PF06386,PANDIT,12,311
905,PANDIT/PF01977,PANDIT,15,464
906,PANDIT/PF01607,PANDIT,90,95
907,PANDIT/PF01759,PANDIT,42,202
908,PANDIT/PF00493,PANDIT,65,451
909,PANDIT/PF00092,PANDIT,146,296
910,PANDIT/PF05170,PANDIT,8,821
911,PANDIT/PF00158,PANDIT,291,284
912,PANDIT/PF00245,PANDIT,18,611
913,PANDIT/PF00208,PANDIT,127,330
914,PANDIT/PF00075,PANDIT,67,246
915,PANDIT/PF03901,PANDIT,18,649
916,PANDIT/PF01915,PANDIT,113,613
917,PANDIT/PF03699,PANDIT,6,982
918,PANDIT/PF02719,PANDIT,79,334
919,PANDIT/PF04865,PANDIT,31,390
920,PANDIT/PF00527,PANDIT,24,152
921,PANDIT/PF00331,PANDIT,55,511
922,PANDIT/PF01477,PANDIT,75,159
923,PANDIT/PF00535,PANDIT,257,249
924,PANDIT/PF00136,PANDIT,76,891
925,PANDIT/PF02521,PANDIT,8,595
926,PANDIT/PF05277,PANDIT,10,409
927,PANDIT/PF01136,PANDIT,44,326
928,PANDIT/PF05701,PANDIT,17,576
929,PANDIT/PF04086,PANDIT,6,311
930,PANDIT/PF04732,PANDIT,34,142
931,PANDIT/PF04209,PANDIT,14,488
932,PANDIT/PF02628,PANDIT,6,397
933,PANDIT/PF05057,PANDIT,14,302
934,PANDIT/PF05340,PANDIT,5,773
935,PANDIT/PF02129,PANDIT,18,832
936,PANDIT/PF01163,PANDIT,29,233
937,PANDIT/PF01144,PANDIT,41,268
938,PANDIT/PF03547,PANDIT,27,791
939,PANDIT/PF07745,PANDIT,18,481
940,PANDIT/PF06017,PANDIT,29,256
941,PANDIT/PF03481,PANDIT,20,179
942,PANDIT/PF02774,PANDIT,32,239
943,PANDIT/PF03797,PANDIT,219,399
944,PANDIT/PF05226,PANDIT,21,417
945,PANDIT/PF00079,PANDIT,42,423
946,PANDIT/PF01896,PANDIT,10,357
947,PANDIT/PF05592,PANDIT,5,999
948,PANDIT/PF00917,PANDIT,70,196
949,PANDIT/PF01238,PANDIT,8,439
950,PANDIT/PF00009,PANDIT,222,430
951,PANDIT/PF00562,PANDIT,57,635
952,PANDIT/PF02424,PANDIT,12,358
953,PANDIT/PF01263,PANDIT,73,426
954,PANDIT/PF00067,PANDIT,51,559
955,PANDIT/PF02400,PANDIT,10,667
956,PANDIT/PF01347,PANDIT,44,903
957,PANDIT/PF06070,PANDIT,7,1164
958,PANDIT/PF00176,PANDIT,23,510
959,PANDIT/PF01650,PANDIT,24,467
960,PANDIT/PF02459,PANDIT,8,630
961,PANDIT/PF00012,PANDIT,34,688
962,PANDIT/PF05876,PANDIT,11,670
963,PANDIT/PF02264,PANDIT,6,490
964,PANDIT/PF00890,PANDIT,66,708
965,PANDIT/PF03953,PANDIT,110,177
966,PANDIT/PF02254,PANDIT,210,207
967,PANDIT/PF00117,PANDIT,137,292
968,PANDIT/PF00374,PANDIT,13,582
969,PANDIT/PF01746,PANDIT,25,224
970,PANDIT/PF02361,PANDIT,21,356
971,PANDIT/PF00091,PANDIT,126,285
972,PANDIT/PF06480,PANDIT,109,274
973,PANDIT/PF01537,PANDIT,10,410
974,PANDIT/PF00781,PANDIT,132,291
975,PANDIT/PF03022,PANDIT,20,335
976,PANDIT/PF04586,PANDIT,39,212
977,PANDIT/PF02225,PANDIT,141,151
978,PANDIT/PF03122,PANDIT,18,1449
979,PANDIT/PF02393,PANDIT,18,371
980,PANDIT/PF00107,PANDIT,110,216
981,PANDIT/PF05746,PANDIT,107,185
982,PANDIT/PF05518,PANDIT,7,831
983,PANDIT/PF03837,PANDIT,20,294
984,PANDIT/PF01370,PANDIT,106,413
985,PANDIT/PF05742,PANDIT,13,337
986,PANDIT/PF06050,PANDIT,15,494
987,PANDIT/PF04600,PANDIT,9,524
988,PANDIT/PF03171,PANDIT,146,183
989,PANDIT/PF02585,PANDIT,96,268
990,PANDIT/PF02421,PANDIT,60,299
991,PANDIT/PF00998,PANDIT,33,545
992,PANDIT/PF03415,PANDIT,7,608
993,PANDIT/PF00034,PANDIT,50,131
994,PANDIT/PF01201,PANDIT,36,280
995,PANDIT/PF05947,PANDIT,14,692
996,PANDIT/PF07470,PANDIT,20,495
997,PANDIT/PF04821,PANDIT,14,389
998,PANDIT/PF04230,PANDIT,23,450
999,PANDIT/PF04451,PANDIT,12,724
